,,0,2024-10-19T15:06:40Z,2024-10-19T15:39:52.507Z,2024-10-19T15:06:50.321909Z,84,heartRate,test,R02_000D,AL
,,0,2024-10-19T15:06:40Z,2024-10-19T15:39:52.507Z,2024-10-19T15:06:50.837803Z,84,heartRate,test,R02_000D,AL
,,0,2024-10-19T15:06:40Z,2024-10-19T15:39:52.507Z,2024-10-19T15:06:51.303986Z,84,heartRate,test,R02_000D,AL
,,0,2024-10-19T15:06:40Z,2024-10-19T15:39:52.507Z,2024-10-19T15:06:51.746276Z,84,heartRate,test,R02_000D,AL
,,0,2024-10-19T15:06:40Z,2024-10-19T15:39:52.507Z,2024-10-19T15:06:52.267667Z,85,heartRate,test,R02_000D,AL
,,0,2024-10-19T15:06:40Z,2024-10-19T15:39:52.507Z,2024-10-19T15:06:52.790028Z,85,heartRate,test,R02_000D,AL
,,0,2024-10-19T15:06:40Z,2024-10-19T15:39:52.507Z,2024-10-19T15:06:53.233802Z,86,heartRate,test,R02_000D,AL
,,0,2024-10-19T15:06:40Z,2024-10-19T15:39:52.507Z,2024-10-19T15:06:53.753847Z,86,heartRate,test,R02_000D,AL
,,0,2024-10-19T15:06:40Z,2024-10-19T15:39:52.507Z,2024-10-19T15:06:54.28892Z,86,heartRate,test,R02_000D,AL
,,0,2024-10-19T15:06:40Z,2024-10-19T15:39:52.507Z,2024-10-19T15:06:54.801974Z,88,heartRate,test,R02_000D,AL
,,0,2024-10-19T15:06:40Z,2024-10-19T15:39:52.507Z,2024-10-19T15:07:30.268933Z,101,heartRate,test,R02_000D,AL
,,0,2024-10-19T15:06:40Z,2024-10-19T15:39:52.507Z,2024-10-19T15:07:30.768601Z,101,heartRate,test,R02_000D,AL
,,0,2024-10-19T15:06:40Z,2024-10-19T15:39:52.507Z,2024-10-19T15:07:31.292087Z,101,heartRate,test,R02_000D,AL
,,0,2024-10-19T15:06:40Z,2024-10-19T15:39:52.507Z,2024-10-19T15:07:31.725936Z,101,heartRate,test,R02_000D,AL
,,0,2024-10-19T15:06:40Z,2024-10-19T15:39:52.507Z,2024-10-19T15:07:32.254305Z,101,heartRate,test,R02_000D,AL
,,0,2024-10-19T15:06:40Z,2024-10-19T15:39:52.507Z,2024-10-19T15:07:32.702127Z,101,heartRate,test,R02_000D,AL
,,0,2024-10-19T15:06:40Z,2024-10-19T15:39:52.507Z,2024-10-19T15:07:33.213556Z,101,heartRate,test,R02_000D,AL
,,0,2024-10-19T15:06:40Z,2024-10-19T15:39:52.507Z,2024-10-19T15:07:33.739641Z,101,heartRate,test,R02_000D,AL
,,0,2024-10-19T15:06:40Z,2024-10-19T15:39:52.507Z,2024-10-19T15:07:34.276915Z,101,heartRate,test,R02_000D,AL
,,0,2024-10-19T15:06:40Z,2024-10-19T15:39:52.507Z,2024-10-19T15:07:34.792087Z,101,heartRate,test,R02_000D,AL
,,0,2024-10-19T15:06:40Z,2024-10-19T15:39:52.507Z,2024-10-19T15:08:10.768583Z,60,heartRate,test,R02_000D,AL
,,0,2024-10-19T15:06:40Z,2024-10-19T15:39:52.507Z,2024-10-19T15:08:11.190376Z,60,heartRate,test,R02_000D,AL
,,0,2024-10-19T15:06:40Z,2024-10-19T15:39:52.507Z,2024-10-19T15:08:11.715216Z,60,heartRate,test,R02_000D,AL
,,0,2024-10-19T15:06:40Z,2024-10-19T15:39:52.507Z,2024-10-19T15:08:12.41381Z,60,heartRate,test,R02_000D,AL
,,0,2024-10-19T15:06:40Z,2024-10-19T15:39:52.507Z,2024-10-19T15:08:12.763657Z,60,heartRate,test,R02_000D,AL
,,0,2024-10-19T15:06:40Z,2024-10-19T15:39:52.507Z,2024-10-19T15:08:13.377131Z,60,heartRate,test,R02_000D,AL
,,0,2024-10-19T15:06:40Z,2024-10-19T15:39:52.507Z,2024-10-19T15:08:13.731703Z,61,heartRate,test,R02_000D,AL
,,0,2024-10-19T15:06:40Z,2024-10-19T15:39:52.507Z,2024-10-19T15:08:14.252303Z,61,heartRate,test,R02_000D,AL
,,0,2024-10-19T15:06:40Z,2024-10-19T15:39:52.507Z,2024-10-19T15:08:14.689297Z,61,heartRate,test,R02_000D,AL
,,0,2024-10-19T15:06:40Z,2024-10-19T15:39:52.507Z,2024-10-19T15:08:15.478401Z,61,heartRate,test,R02_000D,AL
,,0,2024-10-19T15:06:40Z,2024-10-19T15:39:52.507Z,2024-10-19T15:08:50.22076Z,62,heartRate,test,R02_000D,AL
,,0,2024-10-19T15:06:40Z,2024-10-19T15:39:52.507Z,2024-10-19T15:08:50.916512Z,62,heartRate,test,R02_000D,AL
,,0,2024-10-19T15:06:40Z,2024-10-19T15:39:52.507Z,2024-10-19T15:08:51.44088Z,62,heartRate,test,R02_000D,AL
,,0,2024-10-19T15:06:40Z,2024-10-19T15:39:52.507Z,2024-10-19T15:08:51.703074Z,61,heartRate,test,R02_000D,AL
,,0,2024-10-19T15:06:40Z,2024-10-19T15:39:52.507Z,2024-10-19T15:08:52.229261Z,61,heartRate,test,R02_000D,AL
,,0,2024-10-19T15:06:40Z,2024-10-19T15:39:52.507Z,2024-10-19T15:08:52.664451Z,61,heartRate,test,R02_000D,AL
,,0,2024-10-19T15:06:40Z,2024-10-19T15:39:52.507Z,2024-10-19T15:08:53.191231Z,61,heartRate,test,R02_000D,AL
,,0,2024-10-19T15:06:40Z,2024-10-19T15:39:52.507Z,2024-10-19T15:08:53.715342Z,61,heartRate,test,R02_000D,AL
,,0,2024-10-19T15:06:40Z,2024-10-19T15:39:52.507Z,2024-10-19T15:08:54.239103Z,61,heartRate,test,R02_000D,AL
,,0,2024-10-19T15:06:40Z,2024-10-19T15:39:52.507Z,2024-10-19T15:08:54.676826Z,64,heartRate,test,R02_000D,AL
,,0,2024-10-19T15:06:40Z,2024-10-19T15:39:52.507Z,2024-10-19T15:09:30.301234Z,83,heartRate,test,R02_000D,AL
,,0,2024-10-19T15:06:40Z,2024-10-19T15:39:52.507Z,2024-10-19T15:09:30.81485Z,83,heartRate,test,R02_000D,AL
,,0,2024-10-19T15:06:40Z,2024-10-19T15:39:52.507Z,2024-10-19T15:09:31.254091Z,83,heartRate,test,R02_000D,AL
,,0,2024-10-19T15:06:40Z,2024-10-19T15:39:52.507Z,2024-10-19T15:09:31.783946Z,83,heartRate,test,R02_000D,AL
,,0,2024-10-19T15:06:40Z,2024-10-19T15:39:52.507Z,2024-10-19T15:09:32.303178Z,83,heartRate,test,R02_000D,AL
,,0,2024-10-19T15:06:40Z,2024-10-19T15:39:52.507Z,2024-10-19T15:09:32.739062Z,83,heartRate,test,R02_000D,AL
,,0,2024-10-19T15:06:40Z,2024-10-19T15:39:52.507Z,2024-10-19T15:09:33.265828Z,80,heartRate,test,R02_000D,AL
,,0,2024-10-19T15:06:40Z,2024-10-19T15:39:52.507Z,2024-10-19T15:09:33.791561Z,80,heartRate,test,R02_000D,AL
,,0,2024-10-19T15:06:40Z,2024-10-19T15:39:52.507Z,2024-10-19T15:09:34.249186Z,80,heartRate,test,R02_000D,AL
,,0,2024-10-19T15:06:40Z,2024-10-19T15:39:52.507Z,2024-10-19T15:09:34.751026Z,80,heartRate,test,R02_000D,AL
,,0,2024-10-19T15:06:40Z,2024-10-19T15:39:52.507Z,2024-10-19T15:10:10.548708Z,55,heartRate,test,R02_000D,AL
,,0,2024-10-19T15:06:40Z,2024-10-19T15:39:52.507Z,2024-10-19T15:10:10.715386Z,55,heartRate,test,R02_000D,AL
,,0,2024-10-19T15:06:40Z,2024-10-19T15:39:52.507Z,2024-10-19T15:10:11.326875Z,55,heartRate,test,R02_000D,AL
,,0,2024-10-19T15:06:40Z,2024-10-19T15:39:52.507Z,2024-10-19T15:10:11.851941Z,55,heartRate,test,R02_000D,AL
,,0,2024-10-19T15:06:40Z,2024-10-19T15:39:52.507Z,2024-10-19T15:10:12.202172Z,55,heartRate,test,R02_000D,AL
,,0,2024-10-19T15:06:40Z,2024-10-19T15:39:52.507Z,2024-10-19T15:10:12.727075Z,55,heartRate,test,R02_000D,AL
,,0,2024-10-19T15:06:40Z,2024-10-19T15:39:52.507Z,2024-10-19T15:10:13.253141Z,55,heartRate,test,R02_000D,AL
,,0,2024-10-19T15:06:40Z,2024-10-19T15:39:52.507Z,2024-10-19T15:10:13.693432Z,55,heartRate,test,R02_000D,AL
,,0,2024-10-19T15:06:40Z,2024-10-19T15:39:52.507Z,2024-10-19T15:10:14.224835Z,55,heartRate,test,R02_000D,AL
,,0,2024-10-19T15:06:40Z,2024-10-19T15:39:52.507Z,2024-10-19T15:10:14.827444Z,53,heartRate,test,R02_000D,AL
,,0,2024-10-19T15:06:40Z,2024-10-19T15:39:52.507Z,2024-10-19T15:10:50.710292Z,80,heartRate,test,R02_000D,AL
,,0,2024-10-19T15:06:40Z,2024-10-19T15:39:52.507Z,2024-10-19T15:10:51.315795Z,80,heartRate,test,R02_000D,AL
,,0,2024-10-19T15:06:40Z,2024-10-19T15:39:52.507Z,2024-10-19T15:10:51.842802Z,80,heartRate,test,R02_000D,AL
,,0,2024-10-19T15:06:40Z,2024-10-19T15:39:52.507Z,2024-10-19T15:10:52.290299Z,80,heartRate,test,R02_000D,AL
,,0,2024-10-19T15:06:40Z,2024-10-19T15:39:52.507Z,2024-10-19T15:10:52.715895Z,77,heartRate,test,R02_000D,AL
,,0,2024-10-19T15:06:40Z,2024-10-19T15:39:52.507Z,2024-10-19T15:10:53.24016Z,77,heartRate,test,R02_000D,AL
,,0,2024-10-19T15:06:40Z,2024-10-19T15:39:52.507Z,2024-10-19T15:10:53.76509Z,76,heartRate,test,R02_000D,AL
,,0,2024-10-19T15:06:40Z,2024-10-19T15:39:52.507Z,2024-10-19T15:10:54.292778Z,76,heartRate,test,R02_000D,AL
,,0,2024-10-19T15:06:40Z,2024-10-19T15:39:52.507Z,2024-10-19T15:10:54.72702Z,76,heartRate,test,R02_000D,AL
,,0,2024-10-19T15:06:40Z,2024-10-19T15:39:52.507Z,2024-10-19T15:10:55.252971Z,76,heartRate,test,R02_000D,AL
,,0,2024-10-19T15:06:40Z,2024-10-19T15:39:52.507Z,2024-10-19T15:11:30.711361Z,73,heartRate,test,R02_000D,AL
,,0,2024-10-19T15:06:40Z,2024-10-19T15:39:52.507Z,2024-10-19T15:11:31.217242Z,72,heartRate,test,R02_000D,AL
,,0,2024-10-19T15:06:40Z,2024-10-19T15:39:52.507Z,2024-10-19T15:11:31.653764Z,72,heartRate,test,R02_000D,AL
,,0,2024-10-19T15:06:40Z,2024-10-19T15:39:52.507Z,2024-10-19T15:11:32.178774Z,72,heartRate,test,R02_000D,AL
,,0,2024-10-19T15:06:40Z,2024-10-19T15:39:52.507Z,2024-10-19T15:11:32.731611Z,71,heartRate,test,R02_000D,AL
,,0,2024-10-19T15:06:40Z,2024-10-19T15:39:52.507Z,2024-10-19T15:11:33.139339Z,71,heartRate,test,R02_000D,AL
,,0,2024-10-19T15:06:40Z,2024-10-19T15:39:52.507Z,2024-10-19T15:11:33.858967Z,71,heartRate,test,R02_000D,AL
,,0,2024-10-19T15:06:40Z,2024-10-19T15:39:52.507Z,2024-10-19T15:11:34.189622Z,68,heartRate,test,R02_000D,AL
,,0,2024-10-19T15:06:40Z,2024-10-19T15:39:52.507Z,2024-10-19T15:11:34.647275Z,68,heartRate,test,R02_000D,AL
,,0,2024-10-19T15:06:40Z,2024-10-19T15:39:52.507Z,2024-10-19T15:11:35.240826Z,68,heartRate,test,R02_000D,AL
,,0,2024-10-19T15:06:40Z,2024-10-19T15:39:52.507Z,2024-10-19T15:12:10.883788Z,90,heartRate,test,R02_000D,AL
,,0,2024-10-19T15:06:40Z,2024-10-19T15:39:52.507Z,2024-10-19T15:12:11.312927Z,90,heartRate,test,R02_000D,AL
,,0,2024-10-19T15:06:40Z,2024-10-19T15:39:52.507Z,2024-10-19T15:12:11.816358Z,90,heartRate,test,R02_000D,AL
,,0,2024-10-19T15:06:40Z,2024-10-19T15:39:52.507Z,2024-10-19T15:12:12.603101Z,91,heartRate,test,R02_000D,AL
,,0,2024-10-19T15:06:40Z,2024-10-19T15:39:52.507Z,2024-10-19T15:12:13.214291Z,92,heartRate,test,R02_000D,AL
,,0,2024-10-19T15:06:40Z,2024-10-19T15:39:52.507Z,2024-10-19T15:12:13.305214Z,92,heartRate,test,R02_000D,AL
,,0,2024-10-19T15:06:40Z,2024-10-19T15:39:52.507Z,2024-10-19T15:12:13.753854Z,93,heartRate,test,R02_000D,AL
,,0,2024-10-19T15:06:40Z,2024-10-19T15:39:52.507Z,2024-10-19T15:12:14.351716Z,93,heartRate,test,R02_000D,AL
,,0,2024-10-19T15:06:40Z,2024-10-19T15:39:52.507Z,2024-10-19T15:12:14.788418Z,93,heartRate,test,R02_000D,AL
,,0,2024-10-19T15:06:40Z,2024-10-19T15:39:52.507Z,2024-10-19T15:12:15.315175Z,94,heartRate,test,R02_000D,AL
,,0,2024-10-19T15:06:40Z,2024-10-19T15:39:52.507Z,2024-10-19T15:12:50.718165Z,79,heartRate,test,R02_000D,AL
,,0,2024-10-19T15:06:40Z,2024-10-19T15:39:52.507Z,2024-10-19T15:12:51.211435Z,79,heartRate,test,R02_000D,AL
,,0,2024-10-19T15:06:40Z,2024-10-19T15:39:52.507Z,2024-10-19T15:12:51.889098Z,79,heartRate,test,R02_000D,AL
,,0,2024-10-19T15:06:40Z,2024-10-19T15:39:52.507Z,2024-10-19T15:12:52.153499Z,79,heartRate,test,R02_000D,AL
,,0,2024-10-19T15:06:40Z,2024-10-19T15:39:52.507Z,2024-10-19T15:12:52.678358Z,79,heartRate,test,R02_000D,AL
,,0,2024-10-19T15:06:40Z,2024-10-19T15:39:52.507Z,2024-10-19T15:12:53.287968Z,79,heartRate,test,R02_000D,AL
,,0,2024-10-19T15:06:40Z,2024-10-19T15:39:52.507Z,2024-10-19T15:12:53.640894Z,79,heartRate,test,R02_000D,AL
,,0,2024-10-19T15:06:40Z,2024-10-19T15:39:52.507Z,2024-10-19T15:12:54.165848Z,79,heartRate,test,R02_000D,AL
,,0,2024-10-19T15:06:40Z,2024-10-19T15:39:52.507Z,2024-10-19T15:12:54.863517Z,79,heartRate,test,R02_000D,AL
,,0,2024-10-19T15:06:40Z,2024-10-19T15:39:52.507Z,2024-10-19T15:12:55.126402Z,81,heartRate,test,R02_000D,AL
,,0,2024-10-19T15:06:40Z,2024-10-19T15:39:52.507Z,2024-10-19T15:13:31.355681Z,77,heartRate,test,R02_000D,AL
,,0,2024-10-19T15:06:40Z,2024-10-19T15:39:52.507Z,2024-10-19T15:13:31.876475Z,77,heartRate,test,R02_000D,AL
,,0,2024-10-19T15:06:40Z,2024-10-19T15:39:52.507Z,2024-10-19T15:13:32.401632Z,77,heartRate,test,R02_000D,AL
,,0,2024-10-19T15:06:40Z,2024-10-19T15:39:52.507Z,2024-10-19T15:13:32.842025Z,77,heartRate,test,R02_000D,AL
,,0,2024-10-19T15:06:40Z,2024-10-19T15:39:52.507Z,2024-10-19T15:13:33.39646Z,77,heartRate,test,R02_000D,AL
,,0,2024-10-19T15:06:40Z,2024-10-19T15:39:52.507Z,2024-10-19T15:13:33.905861Z,77,heartRate,test,R02_000D,AL
,,0,2024-10-19T15:06:40Z,2024-10-19T15:39:52.507Z,2024-10-19T15:13:34.329333Z,77,heartRate,test,R02_000D,AL
,,0,2024-10-19T15:06:40Z,2024-10-19T15:39:52.507Z,2024-10-19T15:13:34.852324Z,77,heartRate,test,R02_000D,AL
,,0,2024-10-19T15:06:40Z,2024-10-19T15:39:52.507Z,2024-10-19T15:13:35.376633Z,77,heartRate,test,R02_000D,AL
,,0,2024-10-19T15:06:40Z,2024-10-19T15:39:52.507Z,2024-10-19T15:13:35.816912Z,77,heartRate,test,R02_000D,AL
,,0,2024-10-19T15:06:40Z,2024-10-19T15:39:52.507Z,2024-10-19T15:14:11.151415Z,88,heartRate,test,R02_000D,AL
,,0,2024-10-19T15:06:40Z,2024-10-19T15:39:52.507Z,2024-10-19T15:14:11.501275Z,88,heartRate,test,R02_000D,AL
,,0,2024-10-19T15:06:40Z,2024-10-19T15:39:52.507Z,2024-10-19T15:14:11.73906Z,88,heartRate,test,R02_000D,AL
,,0,2024-10-19T15:06:40Z,2024-10-19T15:39:52.507Z,2024-10-19T15:14:12.227957Z,90,heartRate,test,R02_000D,AL
,,0,2024-10-19T15:06:40Z,2024-10-19T15:39:52.507Z,2024-10-19T15:14:13.110573Z,91,heartRate,test,R02_000D,AL
,,0,2024-10-19T15:06:40Z,2024-10-19T15:39:52.507Z,2024-10-19T15:14:13.152861Z,91,heartRate,test,R02_000D,AL
,,0,2024-10-19T15:06:40Z,2024-10-19T15:39:52.507Z,2024-10-19T15:17:58.128675Z,75,heartRate,test,R02_000D,AL
,,0,2024-10-19T15:06:40Z,2024-10-19T15:39:52.507Z,2024-10-19T15:17:58.604241Z,75,heartRate,test,R02_000D,AL
,,0,2024-10-19T15:06:40Z,2024-10-19T15:39:52.507Z,2024-10-19T15:17:59.116391Z,75,heartRate,test,R02_000D,AL
,,0,2024-10-19T15:06:40Z,2024-10-19T15:39:52.507Z,2024-10-19T15:17:59.640384Z,75,heartRate,test,R02_000D,AL
,,0,2024-10-19T15:06:40Z,2024-10-19T15:39:52.507Z,2024-10-19T15:18:00.077349Z,73,heartRate,test,R02_000D,AL
,,0,2024-10-19T15:06:40Z,2024-10-19T15:39:52.507Z,2024-10-19T15:18:00.604953Z,73,heartRate,test,R02_000D,AL
,,0,2024-10-19T15:06:40Z,2024-10-19T15:39:52.507Z,2024-10-19T15:18:01.051542Z,73,heartRate,test,R02_000D,AL
,,0,2024-10-19T15:06:40Z,2024-10-19T15:39:52.507Z,2024-10-19T15:18:01.740991Z,73,heartRate,test,R02_000D,AL
,,0,2024-10-19T15:06:40Z,2024-10-19T15:39:52.507Z,2024-10-19T15:18:02.442668Z,73,heartRate,test,R02_000D,AL
,,0,2024-10-19T15:06:40Z,2024-10-19T15:39:52.507Z,2024-10-19T15:18:02.527846Z,72,heartRate,test,R02_000D,AL
,,0,2024-10-19T15:06:40Z,2024-10-19T15:39:52.507Z,2024-10-19T15:18:38.639065Z,77,heartRate,test,R02_000D,AL
,,0,2024-10-19T15:06:40Z,2024-10-19T15:39:52.507Z,2024-10-19T15:18:39.103414Z,77,heartRate,test,R02_000D,AL
,,0,2024-10-19T15:06:40Z,2024-10-19T15:39:52.507Z,2024-10-19T15:18:39.539697Z,77,heartRate,test,R02_000D,AL
,,0,2024-10-19T15:06:40Z,2024-10-19T15:39:52.507Z,2024-10-19T15:18:40.064353Z,79,heartRate,test,R02_000D,AL
,,0,2024-10-19T15:06:40Z,2024-10-19T15:39:52.507Z,2024-10-19T15:18:40.681812Z,80,heartRate,test,R02_000D,AL
,,0,2024-10-19T15:06:40Z,2024-10-19T15:39:52.507Z,2024-10-19T15:18:41.029221Z,80,heartRate,test,R02_000D,AL
,,0,2024-10-19T15:06:40Z,2024-10-19T15:39:52.507Z,2024-10-19T15:18:41.551959Z,82,heartRate,test,R02_000D,AL
,,0,2024-10-19T15:06:40Z,2024-10-19T15:39:52.507Z,2024-10-19T15:18:42.253585Z,82,heartRate,test,R02_000D,AL
,,0,2024-10-19T15:06:40Z,2024-10-19T15:39:52.507Z,2024-10-19T15:18:42.514993Z,82,heartRate,test,R02_000D,AL
,,0,2024-10-19T15:06:40Z,2024-10-19T15:39:52.507Z,2024-10-19T15:18:43.055668Z,82,heartRate,test,R02_000D,AL
,,0,2024-10-19T15:06:40Z,2024-10-19T15:39:52.507Z,2024-10-19T15:19:18.580793Z,74,heartRate,test,R02_000D,AL
,,0,2024-10-19T15:06:40Z,2024-10-19T15:39:52.507Z,2024-10-19T15:19:19.00429Z,74,heartRate,test,R02_000D,AL
,,0,2024-10-19T15:06:40Z,2024-10-19T15:39:52.507Z,2024-10-19T15:19:19.529763Z,74,heartRate,test,R02_000D,AL
,,0,2024-10-19T15:06:40Z,2024-10-19T15:39:52.507Z,2024-10-19T15:19:20.152056Z,75,heartRate,test,R02_000D,AL
,,0,2024-10-19T15:06:40Z,2024-10-19T15:39:52.507Z,2024-10-19T15:19:20.753468Z,76,heartRate,test,R02_000D,AL
,,0,2024-10-19T15:06:40Z,2024-10-19T15:39:52.507Z,2024-10-19T15:19:21.102031Z,76,heartRate,test,R02_000D,AL
,,0,2024-10-19T15:06:40Z,2024-10-19T15:39:52.507Z,2024-10-19T15:19:21.541059Z,78,heartRate,test,R02_000D,AL
,,0,2024-10-19T15:06:40Z,2024-10-19T15:39:52.507Z,2024-10-19T15:19:22.065231Z,78,heartRate,test,R02_000D,AL
,,0,2024-10-19T15:06:40Z,2024-10-19T15:39:52.507Z,2024-10-19T15:19:22.508792Z,78,heartRate,test,R02_000D,AL
,,0,2024-10-19T15:06:40Z,2024-10-19T15:39:52.507Z,2024-10-19T15:19:23.204228Z,78,heartRate,test,R02_000D,AL
,,0,2024-10-19T15:06:40Z,2024-10-19T15:39:52.507Z,2024-10-19T15:19:58.760932Z,73,heartRate,test,R02_000D,AL
,,0,2024-10-19T15:06:40Z,2024-10-19T15:39:52.507Z,2024-10-19T15:19:59.265153Z,73,heartRate,test,R02_000D,AL
,,0,2024-10-19T15:06:40Z,2024-10-19T15:39:52.507Z,2024-10-19T15:19:59.603359Z,73,heartRate,test,R02_000D,AL
,,0,2024-10-19T15:06:40Z,2024-10-19T15:39:52.507Z,2024-10-19T15:20:00.128316Z,73,heartRate,test,R02_000D,AL
,,0,2024-10-19T15:06:40Z,2024-10-19T15:39:52.507Z,2024-10-19T15:20:00.655796Z,73,heartRate,test,R02_000D,AL
,,0,2024-10-19T15:06:40Z,2024-10-19T15:39:52.507Z,2024-10-19T15:20:01.35647Z,73,heartRate,test,R02_000D,AL
,,0,2024-10-19T15:06:40Z,2024-10-19T15:39:52.507Z,2024-10-19T15:20:01.617008Z,73,heartRate,test,R02_000D,AL
,,0,2024-10-19T15:06:40Z,2024-10-19T15:39:52.507Z,2024-10-19T15:20:02.142471Z,73,heartRate,test,R02_000D,AL
,,0,2024-10-19T15:06:40Z,2024-10-19T15:39:52.507Z,2024-10-19T15:20:02.665977Z,73,heartRate,test,R02_000D,AL
,,0,2024-10-19T15:06:40Z,2024-10-19T15:39:52.507Z,2024-10-19T15:20:03.106041Z,73,heartRate,test,R02_000D,AL
,,0,2024-10-19T15:06:40Z,2024-10-19T15:39:52.507Z,2024-10-19T15:20:38.568367Z,53,heartRate,test,R02_000D,AL
,,0,2024-10-19T15:06:40Z,2024-10-19T15:39:52.507Z,2024-10-19T15:20:39.155961Z,53,heartRate,test,R02_000D,AL
,,0,2024-10-19T15:06:40Z,2024-10-19T15:39:52.507Z,2024-10-19T15:20:39.596291Z,53,heartRate,test,R02_000D,AL
,,0,2024-10-19T15:06:40Z,2024-10-19T15:39:52.507Z,2024-10-19T15:20:40.1194Z,51,heartRate,test,R02_000D,AL
,,0,2024-10-19T15:06:40Z,2024-10-19T15:39:52.507Z,2024-10-19T15:20:40.563602Z,51,heartRate,test,R02_000D,AL
,,0,2024-10-19T15:06:40Z,2024-10-19T15:39:52.507Z,2024-10-19T15:20:41.082421Z,51,heartRate,test,R02_000D,AL
,,0,2024-10-19T15:06:40Z,2024-10-19T15:39:52.507Z,2024-10-19T15:20:41.516277Z,51,heartRate,test,R02_000D,AL
,,0,2024-10-19T15:06:40Z,2024-10-19T15:39:52.507Z,2024-10-19T15:20:42.054373Z,51,heartRate,test,R02_000D,AL
,,0,2024-10-19T15:06:40Z,2024-10-19T15:39:52.507Z,2024-10-19T15:20:42.568638Z,51,heartRate,test,R02_000D,AL
,,0,2024-10-19T15:06:40Z,2024-10-19T15:39:52.507Z,2024-10-19T15:20:43.092673Z,51,heartRate,test,R02_000D,AL
,,0,2024-10-19T15:06:40Z,2024-10-19T15:39:52.507Z,2024-10-19T15:21:18.372767Z,79,heartRate,test,R02_000D,AL
,,0,2024-10-19T15:06:40Z,2024-10-19T15:39:52.507Z,2024-10-19T15:21:18.880427Z,78,heartRate,test,R02_000D,AL
,,0,2024-10-19T15:06:40Z,2024-10-19T15:39:52.507Z,2024-10-19T15:21:19.405395Z,78,heartRate,test,R02_000D,AL
,,0,2024-10-19T15:06:40Z,2024-10-19T15:39:52.507Z,2024-10-19T15:21:19.843618Z,78,heartRate,test,R02_000D,AL
,,0,2024-10-19T15:06:40Z,2024-10-19T15:39:52.507Z,2024-10-19T15:21:20.384866Z,78,heartRate,test,R02_000D,AL
,,0,2024-10-19T15:06:40Z,2024-10-19T15:39:52.507Z,2024-10-19T15:21:20.986326Z,78,heartRate,test,R02_000D,AL
,,0,2024-10-19T15:06:40Z,2024-10-19T15:39:52.507Z,2024-10-19T15:21:21.339936Z,78,heartRate,test,R02_000D,AL
,,0,2024-10-19T15:06:40Z,2024-10-19T15:39:52.507Z,2024-10-19T15:21:21.881098Z,78,heartRate,test,R02_000D,AL
,,0,2024-10-19T15:06:40Z,2024-10-19T15:39:52.507Z,2024-10-19T15:21:22.383537Z,78,heartRate,test,R02_000D,AL
,,0,2024-10-19T15:06:40Z,2024-10-19T15:39:52.507Z,2024-10-19T15:21:22.818048Z,78,heartRate,test,R02_000D,AL
,,0,2024-10-19T15:06:40Z,2024-10-19T15:39:52.507Z,2024-10-19T15:21:58.789256Z,76,heartRate,test,R02_000D,AL
,,0,2024-10-19T15:06:40Z,2024-10-19T15:39:52.507Z,2024-10-19T15:21:59.570853Z,76,heartRate,test,R02_000D,AL
,,0,2024-10-19T15:06:40Z,2024-10-19T15:39:52.507Z,2024-10-19T15:21:59.833495Z,76,heartRate,test,R02_000D,AL
,,0,2024-10-19T15:06:40Z,2024-10-19T15:39:52.507Z,2024-10-19T15:22:00.355855Z,76,heartRate,test,R02_000D,AL
,,0,2024-10-19T15:06:40Z,2024-10-19T15:39:52.507Z,2024-10-19T15:22:00.884596Z,78,heartRate,test,R02_000D,AL
,,0,2024-10-19T15:06:40Z,2024-10-19T15:39:52.507Z,2024-10-19T15:22:01.235413Z,78,heartRate,test,R02_000D,AL
,,0,2024-10-19T15:06:40Z,2024-10-19T15:39:52.507Z,2024-10-19T15:22:01.934019Z,79,heartRate,test,R02_000D,AL
,,0,2024-10-19T15:06:40Z,2024-10-19T15:39:52.507Z,2024-10-19T15:22:02.195709Z,79,heartRate,test,R02_000D,AL
,,0,2024-10-19T15:06:40Z,2024-10-19T15:39:52.507Z,2024-10-19T15:22:02.806328Z,79,heartRate,test,R02_000D,AL
,,0,2024-10-19T15:06:40Z,2024-10-19T15:39:52.507Z,2024-10-19T15:22:03.162697Z,79,heartRate,test,R02_000D,AL
,,0,2024-10-19T15:06:40Z,2024-10-19T15:39:52.507Z,2024-10-19T15:22:38.866162Z,67,heartRate,test,R02_000D,AL
,,0,2024-10-19T15:06:40Z,2024-10-19T15:39:52.507Z,2024-10-19T15:22:39.384311Z,67,heartRate,test,R02_000D,AL
,,0,2024-10-19T15:06:40Z,2024-10-19T15:39:52.507Z,2024-10-19T15:22:39.910695Z,67,heartRate,test,R02_000D,AL
,,0,2024-10-19T15:06:40Z,2024-10-19T15:39:52.507Z,2024-10-19T15:22:40.347079Z,67,heartRate,test,R02_000D,AL
,,0,2024-10-19T15:06:40Z,2024-10-19T15:39:52.507Z,2024-10-19T15:22:40.784468Z,67,heartRate,test,R02_000D,AL
,,0,2024-10-19T15:06:40Z,2024-10-19T15:39:52.507Z,2024-10-19T15:22:41.309315Z,67,heartRate,test,R02_000D,AL
,,0,2024-10-19T15:06:40Z,2024-10-19T15:39:52.507Z,2024-10-19T15:22:41.833354Z,67,heartRate,test,R02_000D,AL
,,0,2024-10-19T15:06:40Z,2024-10-19T15:39:52.507Z,2024-10-19T15:22:42.358575Z,67,heartRate,test,R02_000D,AL
,,0,2024-10-19T15:06:40Z,2024-10-19T15:39:52.507Z,2024-10-19T15:22:42.883585Z,67,heartRate,test,R02_000D,AL
,,0,2024-10-19T15:06:40Z,2024-10-19T15:39:52.507Z,2024-10-19T15:22:43.319872Z,67,heartRate,test,R02_000D,AL
,,0,2024-10-19T15:06:40Z,2024-10-19T15:39:52.507Z,2024-10-19T15:23:19.118066Z,65,heartRate,test,R02_000D,AL
,,0,2024-10-19T15:06:40Z,2024-10-19T15:39:52.507Z,2024-10-19T15:23:19.633385Z,65,heartRate,test,R02_000D,AL
,,0,2024-10-19T15:06:40Z,2024-10-19T15:39:52.507Z,2024-10-19T15:23:20.161793Z,65,heartRate,test,R02_000D,AL
,,0,2024-10-19T15:06:40Z,2024-10-19T15:39:52.507Z,2024-10-19T15:23:20.598522Z,64,heartRate,test,R02_000D,AL
,,0,2024-10-19T15:06:40Z,2024-10-19T15:39:52.507Z,2024-10-19T15:23:21.123814Z,64,heartRate,test,R02_000D,AL
,,0,2024-10-19T15:06:40Z,2024-10-19T15:39:52.507Z,2024-10-19T15:23:21.645572Z,64,heartRate,test,R02_000D,AL
,,0,2024-10-19T15:06:40Z,2024-10-19T15:39:52.507Z,2024-10-19T15:23:22.084897Z,63,heartRate,test,R02_000D,AL
,,0,2024-10-19T15:06:40Z,2024-10-19T15:39:52.507Z,2024-10-19T15:23:22.609649Z,63,heartRate,test,R02_000D,AL
,,0,2024-10-19T15:06:40Z,2024-10-19T15:39:52.507Z,2024-10-19T15:23:23.220622Z,63,heartRate,test,R02_000D,AL
,,0,2024-10-19T15:06:40Z,2024-10-19T15:39:52.507Z,2024-10-19T15:23:23.663905Z,63,heartRate,test,R02_000D,AL
,,0,2024-10-19T15:06:40Z,2024-10-19T15:39:52.507Z,2024-10-19T15:23:58.680148Z,68,heartRate,test,R02_000D,AL
,,0,2024-10-19T15:06:40Z,2024-10-19T15:39:52.507Z,2024-10-19T15:23:59.184668Z,68,heartRate,test,R02_000D,AL
,,0,2024-10-19T15:06:40Z,2024-10-19T15:39:52.507Z,2024-10-19T15:23:59.709933Z,68,heartRate,test,R02_000D,AL
,,0,2024-10-19T15:06:40Z,2024-10-19T15:39:52.507Z,2024-10-19T15:24:00.155896Z,68,heartRate,test,R02_000D,AL
,,0,2024-10-19T15:06:40Z,2024-10-19T15:39:52.507Z,2024-10-19T15:24:00.759096Z,68,heartRate,test,R02_000D,AL
,,0,2024-10-19T15:06:40Z,2024-10-19T15:39:52.507Z,2024-10-19T15:24:01.199723Z,68,heartRate,test,R02_000D,AL
,,0,2024-10-19T15:06:40Z,2024-10-19T15:39:52.507Z,2024-10-19T15:24:01.632483Z,68,heartRate,test,R02_000D,AL
,,0,2024-10-19T15:06:40Z,2024-10-19T15:39:52.507Z,2024-10-19T15:24:02.246126Z,68,heartRate,test,R02_000D,AL
,,0,2024-10-19T15:06:40Z,2024-10-19T15:39:52.507Z,2024-10-19T15:24:02.685067Z,68,heartRate,test,R02_000D,AL
,,0,2024-10-19T15:06:40Z,2024-10-19T15:39:52.507Z,2024-10-19T15:24:03.127839Z,68,heartRate,test,R02_000D,AL
,,0,2024-10-19T15:06:40Z,2024-10-19T15:39:52.507Z,2024-10-19T15:24:38.796184Z,113,heartRate,test,R02_000D,AL
,,0,2024-10-19T15:06:40Z,2024-10-19T15:39:52.507Z,2024-10-19T15:24:39.263127Z,113,heartRate,test,R02_000D,AL
,,0,2024-10-19T15:06:40Z,2024-10-19T15:39:52.507Z,2024-10-19T15:24:39.786387Z,114,heartRate,test,R02_000D,AL
,,0,2024-10-19T15:06:40Z,2024-10-19T15:39:52.507Z,2024-10-19T15:24:40.223525Z,114,heartRate,test,R02_000D,AL
,,0,2024-10-19T15:06:40Z,2024-10-19T15:39:52.507Z,2024-10-19T15:24:40.857771Z,114,heartRate,test,R02_000D,AL
,,0,2024-10-19T15:06:40Z,2024-10-19T15:39:52.507Z,2024-10-19T15:24:41.274578Z,114,heartRate,test,R02_000D,AL
,,0,2024-10-19T15:06:40Z,2024-10-19T15:39:52.507Z,2024-10-19T15:24:41.799832Z,112,heartRate,test,R02_000D,AL
,,0,2024-10-19T15:06:40Z,2024-10-19T15:39:52.507Z,2024-10-19T15:24:42.329494Z,112,heartRate,test,R02_000D,AL
,,0,2024-10-19T15:06:40Z,2024-10-19T15:39:52.507Z,2024-10-19T15:24:42.847858Z,113,heartRate,test,R02_000D,AL
,,0,2024-10-19T15:06:40Z,2024-10-19T15:39:52.507Z,2024-10-19T15:24:43.375012Z,113,heartRate,test,R02_000D,AL
,,0,2024-10-19T15:06:40Z,2024-10-19T15:39:52.507Z,2024-10-19T15:25:18.207405Z,80,heartRate,test,R02_000D,AL
,,0,2024-10-19T15:06:40Z,2024-10-19T15:39:52.507Z,2024-10-19T15:25:18.72385Z,80,heartRate,test,R02_000D,AL
,,0,2024-10-19T15:06:40Z,2024-10-19T15:39:52.507Z,2024-10-19T15:25:19.249886Z,80,heartRate,test,R02_000D,AL
,,0,2024-10-19T15:06:40Z,2024-10-19T15:39:52.507Z,2024-10-19T15:25:19.773305Z,81,heartRate,test,R02_000D,AL
,,0,2024-10-19T15:06:40Z,2024-10-19T15:39:52.507Z,2024-10-19T15:25:20.299626Z,83,heartRate,test,R02_000D,AL
,,0,2024-10-19T15:06:40Z,2024-10-19T15:39:52.507Z,2024-10-19T15:25:20.738858Z,83,heartRate,test,R02_000D,AL
,,0,2024-10-19T15:06:40Z,2024-10-19T15:39:52.507Z,2024-10-19T15:25:21.174246Z,84,heartRate,test,R02_000D,AL
,,0,2024-10-19T15:06:40Z,2024-10-19T15:39:52.507Z,2024-10-19T15:25:21.701731Z,84,heartRate,test,R02_000D,AL
,,0,2024-10-19T15:06:40Z,2024-10-19T15:39:52.507Z,2024-10-19T15:25:22.224097Z,84,heartRate,test,R02_000D,AL
,,0,2024-10-19T15:06:40Z,2024-10-19T15:39:52.507Z,2024-10-19T15:25:22.66301Z,84,heartRate,test,R02_000D,AL
,,0,2024-10-19T15:06:40Z,2024-10-19T15:39:52.507Z,2024-10-19T15:25:58.457485Z,71,heartRate,test,R02_000D,AL
,,0,2024-10-19T15:06:40Z,2024-10-19T15:39:52.507Z,2024-10-19T15:25:58.974349Z,71,heartRate,test,R02_000D,AL
,,0,2024-10-19T15:06:40Z,2024-10-19T15:39:52.507Z,2024-10-19T15:25:59.412562Z,71,heartRate,test,R02_000D,AL
,,0,2024-10-19T15:06:40Z,2024-10-19T15:39:52.507Z,2024-10-19T15:26:00.023568Z,71,heartRate,test,R02_000D,AL
,,0,2024-10-19T15:06:40Z,2024-10-19T15:39:52.507Z,2024-10-19T15:26:00.373139Z,72,heartRate,test,R02_000D,AL
,,0,2024-10-19T15:06:40Z,2024-10-19T15:39:52.507Z,2024-10-19T15:26:00.985894Z,72,heartRate,test,R02_000D,AL
,,0,2024-10-19T15:06:40Z,2024-10-19T15:39:52.507Z,2024-10-19T15:26:01.335812Z,72,heartRate,test,R02_000D,AL
,,0,2024-10-19T15:06:40Z,2024-10-19T15:39:52.507Z,2024-10-19T15:26:01.948888Z,72,heartRate,test,R02_000D,AL
,,0,2024-10-19T15:06:40Z,2024-10-19T15:39:52.507Z,2024-10-19T15:26:02.474102Z,72,heartRate,test,R02_000D,AL
,,0,2024-10-19T15:06:40Z,2024-10-19T15:39:52.507Z,2024-10-19T15:26:02.845109Z,72,heartRate,test,R02_000D,AL
,,0,2024-10-19T15:06:40Z,2024-10-19T15:39:52.507Z,2024-10-19T15:26:38.810959Z,67,heartRate,test,R02_000D,AL
,,0,2024-10-19T15:06:40Z,2024-10-19T15:39:52.507Z,2024-10-19T15:26:39.139097Z,67,heartRate,test,R02_000D,AL
,,0,2024-10-19T15:06:40Z,2024-10-19T15:39:52.507Z,2024-10-19T15:26:39.663231Z,67,heartRate,test,R02_000D,AL
,,0,2024-10-19T15:06:40Z,2024-10-19T15:39:52.507Z,2024-10-19T15:26:40.101035Z,67,heartRate,test,R02_000D,AL
,,0,2024-10-19T15:06:40Z,2024-10-19T15:39:52.507Z,2024-10-19T15:26:40.625718Z,67,heartRate,test,R02_000D,AL
,,0,2024-10-19T15:06:40Z,2024-10-19T15:39:52.507Z,2024-10-19T15:26:41.256674Z,67,heartRate,test,R02_000D,AL
,,0,2024-10-19T15:06:40Z,2024-10-19T15:39:52.507Z,2024-10-19T15:26:41.678907Z,70,heartRate,test,R02_000D,AL
,,0,2024-10-19T15:06:40Z,2024-10-19T15:39:52.507Z,2024-10-19T15:26:42.113351Z,70,heartRate,test,R02_000D,AL
,,0,2024-10-19T15:06:40Z,2024-10-19T15:39:52.507Z,2024-10-19T15:26:42.638173Z,70,heartRate,test,R02_000D,AL
,,0,2024-10-19T15:06:40Z,2024-10-19T15:39:52.507Z,2024-10-19T15:26:43.161935Z,72,heartRate,test,R02_000D,AL
,,0,2024-10-19T15:06:40Z,2024-10-19T15:39:52.507Z,2024-10-19T15:27:18.605174Z,122,heartRate,test,R02_000D,AL
,,0,2024-10-19T15:06:40Z,2024-10-19T15:39:52.507Z,2024-10-19T15:27:19.126217Z,122,heartRate,test,R02_000D,AL
,,0,2024-10-19T15:06:40Z,2024-10-19T15:39:52.507Z,2024-10-19T15:27:19.475179Z,122,heartRate,test,R02_000D,AL
,,0,2024-10-19T15:06:40Z,2024-10-19T15:39:52.507Z,2024-10-19T15:27:20.002774Z,126,heartRate,test,R02_000D,AL
,,0,2024-10-19T15:06:40Z,2024-10-19T15:39:52.507Z,2024-10-19T15:27:20.52814Z,129,heartRate,test,R02_000D,AL
,,0,2024-10-19T15:06:40Z,2024-10-19T15:39:52.507Z,2024-10-19T15:27:20.964735Z,129,heartRate,test,R02_000D,AL
,,0,2024-10-19T15:06:40Z,2024-10-19T15:39:52.507Z,2024-10-19T15:27:21.490342Z,132,heartRate,test,R02_000D,AL
,,0,2024-10-19T15:06:40Z,2024-10-19T15:39:52.507Z,2024-10-19T15:27:22.014902Z,132,heartRate,test,R02_000D,AL
,,0,2024-10-19T15:06:40Z,2024-10-19T15:39:52.507Z,2024-10-19T15:27:22.545665Z,132,heartRate,test,R02_000D,AL
,,0,2024-10-19T15:06:40Z,2024-10-19T15:39:52.507Z,2024-10-19T15:27:22.9775Z,134,heartRate,test,R02_000D,AL
,,0,2024-10-19T15:06:40Z,2024-10-19T15:39:52.507Z,2024-10-19T15:27:58.330965Z,85,heartRate,test,R02_000D,AL
,,0,2024-10-19T15:06:40Z,2024-10-19T15:39:52.507Z,2024-10-19T15:27:58.765193Z,85,heartRate,test,R02_000D,AL
,,0,2024-10-19T15:06:40Z,2024-10-19T15:39:52.507Z,2024-10-19T15:27:59.377158Z,85,heartRate,test,R02_000D,AL
,,0,2024-10-19T15:06:40Z,2024-10-19T15:39:52.507Z,2024-10-19T15:27:59.813504Z,85,heartRate,test,R02_000D,AL
,,0,2024-10-19T15:06:40Z,2024-10-19T15:39:52.507Z,2024-10-19T15:28:00.340696Z,85,heartRate,test,R02_000D,AL
,,0,2024-10-19T15:06:40Z,2024-10-19T15:39:52.507Z,2024-10-19T15:28:00.778876Z,85,heartRate,test,R02_000D,AL
,,0,2024-10-19T15:06:40Z,2024-10-19T15:39:52.507Z,2024-10-19T15:28:01.566413Z,85,heartRate,test,R02_000D,AL
,,0,2024-10-19T15:06:40Z,2024-10-19T15:39:52.507Z,2024-10-19T15:28:01.740647Z,85,heartRate,test,R02_000D,AL
,,0,2024-10-19T15:06:40Z,2024-10-19T15:39:52.507Z,2024-10-19T15:28:02.353334Z,85,heartRate,test,R02_000D,AL
,,0,2024-10-19T15:06:40Z,2024-10-19T15:39:52.507Z,2024-10-19T15:28:02.79012Z,85,heartRate,test,R02_000D,AL
,,0,2024-10-19T15:06:40Z,2024-10-19T15:39:52.507Z,2024-10-19T15:28:38.574448Z,70,heartRate,test,R02_000D,AL
,,0,2024-10-19T15:06:40Z,2024-10-19T15:39:52.507Z,2024-10-19T15:28:38.845404Z,70,heartRate,test,R02_000D,AL
,,0,2024-10-19T15:06:40Z,2024-10-19T15:39:52.507Z,2024-10-19T15:28:39.364473Z,70,heartRate,test,R02_000D,AL
,,0,2024-10-19T15:06:40Z,2024-10-19T15:39:52.507Z,2024-10-19T15:28:39.90291Z,70,heartRate,test,R02_000D,AL
,,0,2024-10-19T15:06:40Z,2024-10-19T15:39:52.507Z,2024-10-19T15:28:40.327802Z,70,heartRate,test,R02_000D,AL
,,0,2024-10-19T15:06:40Z,2024-10-19T15:39:52.507Z,2024-10-19T15:28:40.855449Z,70,heartRate,test,R02_000D,AL
,,0,2024-10-19T15:06:40Z,2024-10-19T15:39:52.507Z,2024-10-19T15:28:41.380787Z,70,heartRate,test,R02_000D,AL
,,0,2024-10-19T15:06:40Z,2024-10-19T15:39:52.507Z,2024-10-19T15:28:41.994912Z,70,heartRate,test,R02_000D,AL
,,0,2024-10-19T15:06:40Z,2024-10-19T15:39:52.507Z,2024-10-19T15:28:42.342467Z,70,heartRate,test,R02_000D,AL
,,0,2024-10-19T15:06:40Z,2024-10-19T15:39:52.507Z,2024-10-19T15:28:42.777692Z,70,heartRate,test,R02_000D,AL
,,0,2024-10-19T15:06:40Z,2024-10-19T15:39:52.507Z,2024-10-19T15:29:18.446505Z,100,heartRate,test,R02_000D,AL
,,0,2024-10-19T15:06:40Z,2024-10-19T15:39:52.507Z,2024-10-19T15:29:18.920936Z,100,heartRate,test,R02_000D,AL
,,0,2024-10-19T15:06:40Z,2024-10-19T15:39:52.507Z,2024-10-19T15:29:19.446231Z,100,heartRate,test,R02_000D,AL
,,0,2024-10-19T15:06:40Z,2024-10-19T15:39:52.507Z,2024-10-19T15:29:19.882156Z,100,heartRate,test,R02_000D,AL
,,0,2024-10-19T15:06:40Z,2024-10-19T15:39:52.507Z,2024-10-19T15:29:20.582637Z,99,heartRate,test,R02_000D,AL
,,0,2024-10-19T15:06:40Z,2024-10-19T15:39:52.507Z,2024-10-19T15:29:21.01945Z,99,heartRate,test,R02_000D,AL
,,0,2024-10-19T15:06:40Z,2024-10-19T15:39:52.507Z,2024-10-19T15:29:21.367907Z,97,heartRate,test,R02_000D,AL
,,0,2024-10-19T15:06:40Z,2024-10-19T15:39:52.507Z,2024-10-19T15:29:21.891816Z,97,heartRate,test,R02_000D,AL
,,0,2024-10-19T15:06:40Z,2024-10-19T15:39:52.507Z,2024-10-19T15:29:22.333874Z,97,heartRate,test,R02_000D,AL
,,0,2024-10-19T15:06:40Z,2024-10-19T15:39:52.507Z,2024-10-19T15:29:22.866238Z,95,heartRate,test,R02_000D,AL
,,0,2024-10-19T15:06:40Z,2024-10-19T15:39:52.507Z,2024-10-19T15:29:58.856273Z,66,heartRate,test,R02_000D,AL
,,0,2024-10-19T15:06:40Z,2024-10-19T15:39:52.507Z,2024-10-19T15:29:59.345539Z,66,heartRate,test,R02_000D,AL
,,0,2024-10-19T15:06:40Z,2024-10-19T15:39:52.507Z,2024-10-19T15:29:59.779025Z,66,heartRate,test,R02_000D,AL
,,0,2024-10-19T15:06:40Z,2024-10-19T15:39:52.507Z,2024-10-19T15:30:00.216688Z,66,heartRate,test,R02_000D,AL
,,0,2024-10-19T15:06:40Z,2024-10-19T15:39:52.507Z,2024-10-19T15:30:00.747072Z,68,heartRate,test,R02_000D,AL
,,0,2024-10-19T15:06:40Z,2024-10-19T15:39:52.507Z,2024-10-19T15:30:01.266216Z,68,heartRate,test,R02_000D,AL
,,0,2024-10-19T15:06:40Z,2024-10-19T15:39:52.507Z,2024-10-19T15:30:01.707652Z,68,heartRate,test,R02_000D,AL
,,0,2024-10-19T15:06:40Z,2024-10-19T15:39:52.507Z,2024-10-19T15:30:02.231782Z,68,heartRate,test,R02_000D,AL
,,0,2024-10-19T15:06:40Z,2024-10-19T15:39:52.507Z,2024-10-19T15:30:02.755914Z,68,heartRate,test,R02_000D,AL
,,0,2024-10-19T15:06:40Z,2024-10-19T15:39:52.507Z,2024-10-19T15:30:03.36834Z,68,heartRate,test,R02_000D,AL
,,0,2024-10-19T15:06:40Z,2024-10-19T15:39:52.507Z,2024-10-19T15:30:38.849398Z,74,heartRate,test,R02_000D,AL
,,0,2024-10-19T15:06:40Z,2024-10-19T15:39:52.507Z,2024-10-19T15:30:39.155714Z,74,heartRate,test,R02_000D,AL
,,0,2024-10-19T15:06:40Z,2024-10-19T15:39:52.507Z,2024-10-19T15:30:39.682853Z,74,heartRate,test,R02_000D,AL
,,0,2024-10-19T15:06:40Z,2024-10-19T15:39:52.507Z,2024-10-19T15:30:40.20802Z,74,heartRate,test,R02_000D,AL
,,0,2024-10-19T15:06:40Z,2024-10-19T15:39:52.507Z,2024-10-19T15:30:40.644951Z,74,heartRate,test,R02_000D,AL
,,0,2024-10-19T15:06:40Z,2024-10-19T15:39:52.507Z,2024-10-19T15:30:41.171042Z,74,heartRate,test,R02_000D,AL
,,0,2024-10-19T15:06:40Z,2024-10-19T15:39:52.507Z,2024-10-19T15:30:41.695524Z,74,heartRate,test,R02_000D,AL
,,0,2024-10-19T15:06:40Z,2024-10-19T15:39:52.507Z,2024-10-19T15:30:42.142109Z,74,heartRate,test,R02_000D,AL
,,0,2024-10-19T15:06:40Z,2024-10-19T15:39:52.507Z,2024-10-19T15:30:42.657154Z,74,heartRate,test,R02_000D,AL
,,0,2024-10-19T15:06:40Z,2024-10-19T15:39:52.507Z,2024-10-19T15:30:43.269889Z,74,heartRate,test,R02_000D,AL
,,0,2024-10-19T15:06:40Z,2024-10-19T15:39:52.507Z,2024-10-19T15:31:18.724807Z,73,heartRate,test,R02_000D,AL
,,0,2024-10-19T15:06:40Z,2024-10-19T15:39:52.507Z,2024-10-19T15:31:19.409118Z,73,heartRate,test,R02_000D,AL
,,0,2024-10-19T15:06:40Z,2024-10-19T15:39:52.507Z,2024-10-19T15:31:19.670169Z,72,heartRate,test,R02_000D,AL
,,0,2024-10-19T15:06:40Z,2024-10-19T15:39:52.507Z,2024-10-19T15:31:20.193867Z,72,heartRate,test,R02_000D,AL
,,0,2024-10-19T15:06:40Z,2024-10-19T15:39:52.507Z,2024-10-19T15:31:20.805667Z,72,heartRate,test,R02_000D,AL
,,0,2024-10-19T15:06:40Z,2024-10-19T15:39:52.507Z,2024-10-19T15:31:21.154986Z,72,heartRate,test,R02_000D,AL
,,0,2024-10-19T15:06:40Z,2024-10-19T15:39:52.507Z,2024-10-19T15:31:21.59373Z,72,heartRate,test,R02_000D,AL
,,0,2024-10-19T15:06:40Z,2024-10-19T15:39:52.507Z,2024-10-19T15:31:22.223437Z,71,heartRate,test,R02_000D,AL
,,0,2024-10-19T15:06:40Z,2024-10-19T15:39:52.507Z,2024-10-19T15:31:22.6622Z,71,heartRate,test,R02_000D,AL
,,0,2024-10-19T15:06:40Z,2024-10-19T15:39:52.507Z,2024-10-19T15:31:23.29052Z,71,heartRate,test,R02_000D,AL
,,0,2024-10-19T15:06:40Z,2024-10-19T15:39:52.507Z,2024-10-19T15:31:58.906736Z,73,heartRate,test,R02_000D,AL
,,0,2024-10-19T15:06:40Z,2024-10-19T15:39:52.507Z,2024-10-19T15:31:59.310751Z,73,heartRate,test,R02_000D,AL
,,0,2024-10-19T15:06:40Z,2024-10-19T15:39:52.507Z,2024-10-19T15:31:59.832145Z,73,heartRate,test,R02_000D,AL
,,0,2024-10-19T15:06:40Z,2024-10-19T15:39:52.507Z,2024-10-19T15:32:00.349496Z,73,heartRate,test,R02_000D,AL
,,0,2024-10-19T15:06:40Z,2024-10-19T15:39:52.507Z,2024-10-19T15:32:00.794704Z,73,heartRate,test,R02_000D,AL
,,0,2024-10-19T15:06:40Z,2024-10-19T15:39:52.507Z,2024-10-19T15:32:01.233748Z,73,heartRate,test,R02_000D,AL
,,0,2024-10-19T15:06:40Z,2024-10-19T15:39:52.507Z,2024-10-19T15:32:01.782536Z,73,heartRate,test,R02_000D,AL
,,0,2024-10-19T15:06:40Z,2024-10-19T15:39:52.507Z,2024-10-19T15:32:02.368507Z,73,heartRate,test,R02_000D,AL
,,0,2024-10-19T15:06:40Z,2024-10-19T15:39:52.507Z,2024-10-19T15:32:02.722441Z,73,heartRate,test,R02_000D,AL
,,0,2024-10-19T15:06:40Z,2024-10-19T15:39:52.507Z,2024-10-19T15:32:03.346961Z,73,heartRate,test,R02_000D,AL
,,0,2024-10-19T15:06:40Z,2024-10-19T15:39:52.507Z,2024-10-19T15:32:38.423399Z,75,heartRate,test,R02_000D,AL
,,0,2024-10-19T15:06:40Z,2024-10-19T15:39:52.507Z,2024-10-19T15:32:38.945316Z,75,heartRate,test,R02_000D,AL
,,0,2024-10-19T15:06:40Z,2024-10-19T15:39:52.507Z,2024-10-19T15:32:39.471167Z,75,heartRate,test,R02_000D,AL
,,0,2024-10-19T15:06:40Z,2024-10-19T15:39:52.507Z,2024-10-19T15:32:39.920822Z,75,heartRate,test,R02_000D,AL
,,0,2024-10-19T15:06:40Z,2024-10-19T15:39:52.507Z,2024-10-19T15:32:40.34401Z,75,heartRate,test,R02_000D,AL
,,0,2024-10-19T15:06:40Z,2024-10-19T15:39:52.507Z,2024-10-19T15:32:40.886084Z,75,heartRate,test,R02_000D,AL
,,0,2024-10-19T15:06:40Z,2024-10-19T15:39:52.507Z,2024-10-19T15:32:41.483033Z,75,heartRate,test,R02_000D,AL
,,0,2024-10-19T15:06:40Z,2024-10-19T15:39:52.507Z,2024-10-19T15:32:41.831134Z,75,heartRate,test,R02_000D,AL
,,0,2024-10-19T15:06:40Z,2024-10-19T15:39:52.507Z,2024-10-19T15:32:42.359266Z,75,heartRate,test,R02_000D,AL
,,0,2024-10-19T15:06:40Z,2024-10-19T15:39:52.507Z,2024-10-19T15:32:42.969452Z,75,heartRate,test,R02_000D,AL
,,0,2024-10-19T15:06:40Z,2024-10-19T15:39:52.507Z,2024-10-19T15:33:18.388348Z,64,heartRate,test,R02_000D,AL
,,0,2024-10-19T15:06:40Z,2024-10-19T15:39:52.507Z,2024-10-19T15:33:18.93832Z,64,heartRate,test,R02_000D,AL
,,0,2024-10-19T15:06:40Z,2024-10-19T15:39:52.507Z,2024-10-19T15:33:19.373853Z,64,heartRate,test,R02_000D,AL
,,0,2024-10-19T15:06:40Z,2024-10-19T15:39:52.507Z,2024-10-19T15:33:19.897343Z,64,heartRate,test,R02_000D,AL
,,0,2024-10-19T15:06:40Z,2024-10-19T15:39:52.507Z,2024-10-19T15:33:20.422105Z,65,heartRate,test,R02_000D,AL
,,0,2024-10-19T15:06:40Z,2024-10-19T15:39:52.507Z,2024-10-19T15:33:20.949351Z,65,heartRate,test,R02_000D,AL
,,0,2024-10-19T15:06:40Z,2024-10-19T15:39:52.507Z,2024-10-19T15:33:21.308647Z,67,heartRate,test,R02_000D,AL
,,0,2024-10-19T15:06:40Z,2024-10-19T15:39:52.507Z,2024-10-19T15:33:21.821839Z,67,heartRate,test,R02_000D,AL
,,0,2024-10-19T15:06:40Z,2024-10-19T15:39:52.507Z,2024-10-19T15:33:22.347135Z,67,heartRate,test,R02_000D,AL
,,0,2024-10-19T15:06:40Z,2024-10-19T15:39:52.507Z,2024-10-19T15:33:22.78267Z,67,heartRate,test,R02_000D,AL
,,0,2024-10-19T15:06:40Z,2024-10-19T15:39:52.507Z,2024-10-19T15:33:58.490988Z,73,heartRate,test,R02_000D,AL
,,0,2024-10-19T15:06:40Z,2024-10-19T15:39:52.507Z,2024-10-19T15:33:58.834164Z,73,heartRate,test,R02_000D,AL
,,0,2024-10-19T15:06:40Z,2024-10-19T15:39:52.507Z,2024-10-19T15:33:59.363598Z,73,heartRate,test,R02_000D,AL
,,0,2024-10-19T15:06:40Z,2024-10-19T15:39:52.507Z,2024-10-19T15:34:00.058519Z,72,heartRate,test,R02_000D,AL
,,0,2024-10-19T15:06:40Z,2024-10-19T15:39:52.507Z,2024-10-19T15:34:00.321393Z,72,heartRate,test,R02_000D,AL
,,0,2024-10-19T15:06:40Z,2024-10-19T15:39:52.507Z,2024-10-19T15:34:00.847385Z,72,heartRate,test,R02_000D,AL
,,0,2024-10-19T15:06:40Z,2024-10-19T15:39:52.507Z,2024-10-19T15:34:01.373251Z,72,heartRate,test,R02_000D,AL
,,0,2024-10-19T15:06:40Z,2024-10-19T15:39:52.507Z,2024-10-19T15:34:01.898453Z,72,heartRate,test,R02_000D,AL
,,0,2024-10-19T15:06:40Z,2024-10-19T15:39:52.507Z,2024-10-19T15:34:02.336997Z,72,heartRate,test,R02_000D,AL
,,0,2024-10-19T15:06:40Z,2024-10-19T15:39:52.507Z,2024-10-19T15:34:02.85927Z,72,heartRate,test,R02_000D,AL
,,0,2024-10-19T15:06:40Z,2024-10-19T15:39:52.507Z,2024-10-19T15:34:39.38209Z,79,heartRate,test,R02_000D,AL
,,0,2024-10-19T15:06:40Z,2024-10-19T15:39:52.507Z,2024-10-19T15:34:39.698564Z,79,heartRate,test,R02_000D,AL
,,0,2024-10-19T15:06:40Z,2024-10-19T15:39:52.507Z,2024-10-19T15:34:40.222314Z,79,heartRate,test,R02_000D,AL
,,0,2024-10-19T15:06:40Z,2024-10-19T15:39:52.507Z,2024-10-19T15:34:40.745762Z,79,heartRate,test,R02_000D,AL
,,0,2024-10-19T15:06:40Z,2024-10-19T15:39:52.507Z,2024-10-19T15:34:41.183275Z,79,heartRate,test,R02_000D,AL
,,0,2024-10-19T15:06:40Z,2024-10-19T15:39:52.507Z,2024-10-19T15:34:41.710942Z,79,heartRate,test,R02_000D,AL
,,0,2024-10-19T15:06:40Z,2024-10-19T15:39:52.507Z,2024-10-19T15:34:42.234318Z,79,heartRate,test,R02_000D,AL
,,0,2024-10-19T15:06:40Z,2024-10-19T15:39:52.507Z,2024-10-19T15:34:42.778671Z,79,heartRate,test,R02_000D,AL
,,0,2024-10-19T15:06:40Z,2024-10-19T15:39:52.507Z,2024-10-19T15:34:43.315533Z,79,heartRate,test,R02_000D,AL
,,0,2024-10-19T15:06:40Z,2024-10-19T15:39:52.507Z,2024-10-19T15:34:43.726876Z,79,heartRate,test,R02_000D,AL
,,0,2024-10-19T15:06:40Z,2024-10-19T15:39:52.507Z,2024-10-19T15:35:18.386646Z,82,heartRate,test,R02_000D,AL
,,0,2024-10-19T15:06:40Z,2024-10-19T15:39:52.507Z,2024-10-19T15:35:18.900263Z,82,heartRate,test,R02_000D,AL
,,0,2024-10-19T15:06:40Z,2024-10-19T15:39:52.507Z,2024-10-19T15:35:19.337115Z,82,heartRate,test,R02_000D,AL
,,0,2024-10-19T15:06:40Z,2024-10-19T15:39:52.507Z,2024-10-19T15:35:19.951281Z,82,heartRate,test,R02_000D,AL
,,0,2024-10-19T15:06:40Z,2024-10-19T15:39:52.507Z,2024-10-19T15:35:20.386801Z,82,heartRate,test,R02_000D,AL
,,0,2024-10-19T15:06:40Z,2024-10-19T15:39:52.507Z,2024-10-19T15:35:20.826266Z,82,heartRate,test,R02_000D,AL
,,0,2024-10-19T15:06:40Z,2024-10-19T15:39:52.507Z,2024-10-19T15:35:21.346077Z,80,heartRate,test,R02_000D,AL
,,0,2024-10-19T15:06:40Z,2024-10-19T15:39:52.507Z,2024-10-19T15:35:21.962389Z,80,heartRate,test,R02_000D,AL
,,0,2024-10-19T15:06:40Z,2024-10-19T15:39:52.507Z,2024-10-19T15:35:22.312273Z,80,heartRate,test,R02_000D,AL
,,0,2024-10-19T15:06:40Z,2024-10-19T15:39:52.507Z,2024-10-19T15:35:22.846651Z,78,heartRate,test,R02_000D,AL
,,0,2024-10-19T15:06:40Z,2024-10-19T15:39:52.507Z,2024-10-19T15:35:58.717223Z,53,heartRate,test,R02_000D,AL
,,0,2024-10-19T15:06:40Z,2024-10-19T15:39:52.507Z,2024-10-19T15:35:59.150864Z,53,heartRate,test,R02_000D,AL
,,0,2024-10-19T15:06:40Z,2024-10-19T15:39:52.507Z,2024-10-19T15:35:59.585556Z,53,heartRate,test,R02_000D,AL
,,0,2024-10-19T15:06:40Z,2024-10-19T15:39:52.507Z,2024-10-19T15:36:00.111474Z,53,heartRate,test,R02_000D,AL
,,0,2024-10-19T15:06:40Z,2024-10-19T15:39:52.507Z,2024-10-19T15:36:00.634944Z,53,heartRate,test,R02_000D,AL
,,0,2024-10-19T15:06:40Z,2024-10-19T15:39:52.507Z,2024-10-19T15:36:01.159947Z,53,heartRate,test,R02_000D,AL
,,0,2024-10-19T15:06:40Z,2024-10-19T15:39:52.507Z,2024-10-19T15:36:01.685931Z,53,heartRate,test,R02_000D,AL
,,0,2024-10-19T15:06:40Z,2024-10-19T15:39:52.507Z,2024-10-19T15:36:02.124716Z,53,heartRate,test,R02_000D,AL
,,0,2024-10-19T15:06:40Z,2024-10-19T15:39:52.507Z,2024-10-19T15:36:02.64802Z,53,heartRate,test,R02_000D,AL
,,0,2024-10-19T15:06:40Z,2024-10-19T15:39:52.507Z,2024-10-19T15:36:03.088936Z,53,heartRate,test,R02_000D,AL
,,0,2024-10-19T15:06:40Z,2024-10-19T15:39:52.507Z,2024-10-19T15:36:38.285139Z,83,heartRate,test,R02_000D,AL
,,0,2024-10-19T15:06:40Z,2024-10-19T15:39:52.507Z,2024-10-19T15:36:38.789051Z,83,heartRate,test,R02_000D,AL
,,0,2024-10-19T15:06:40Z,2024-10-19T15:39:52.507Z,2024-10-19T15:36:39.311507Z,83,heartRate,test,R02_000D,AL
,,0,2024-10-19T15:06:40Z,2024-10-19T15:39:52.507Z,2024-10-19T15:36:39.74877Z,84,heartRate,test,R02_000D,AL
,,0,2024-10-19T15:06:40Z,2024-10-19T15:39:52.507Z,2024-10-19T15:36:40.274507Z,85,heartRate,test,R02_000D,AL
,,0,2024-10-19T15:06:40Z,2024-10-19T15:39:52.507Z,2024-10-19T15:36:40.711099Z,85,heartRate,test,R02_000D,AL
,,0,2024-10-19T15:06:40Z,2024-10-19T15:39:52.507Z,2024-10-19T15:36:41.323703Z,87,heartRate,test,R02_000D,AL
,,0,2024-10-19T15:06:40Z,2024-10-19T15:39:52.507Z,2024-10-19T15:36:41.762734Z,87,heartRate,test,R02_000D,AL
,,0,2024-10-19T15:06:40Z,2024-10-19T15:39:52.507Z,2024-10-19T15:36:42.285852Z,87,heartRate,test,R02_000D,AL
,,0,2024-10-19T15:06:40Z,2024-10-19T15:39:52.507Z,2024-10-19T15:36:42.813454Z,87,heartRate,test,R02_000D,AL
,,0,2024-10-19T15:06:40Z,2024-10-19T15:39:52.507Z,2024-10-19T15:37:18.88295Z,74,heartRate,test,R02_000D,AL
,,0,2024-10-19T15:06:40Z,2024-10-19T15:39:52.507Z,2024-10-19T15:37:19.304508Z,74,heartRate,test,R02_000D,AL
,,0,2024-10-19T15:06:40Z,2024-10-19T15:39:52.507Z,2024-10-19T15:37:19.737701Z,74,heartRate,test,R02_000D,AL
,,0,2024-10-19T15:06:40Z,2024-10-19T15:39:52.507Z,2024-10-19T15:37:20.282668Z,76,heartRate,test,R02_000D,AL
,,0,2024-10-19T15:06:40Z,2024-10-19T15:39:52.507Z,2024-10-19T15:37:20.961121Z,76,heartRate,test,R02_000D,AL
,,0,2024-10-19T15:06:40Z,2024-10-19T15:39:52.507Z,2024-10-19T15:37:21.499724Z,76,heartRate,test,R02_000D,AL
,,0,2024-10-19T15:06:40Z,2024-10-19T15:39:52.507Z,2024-10-19T15:37:21.751078Z,79,heartRate,test,R02_000D,AL
,,0,2024-10-19T15:06:40Z,2024-10-19T15:39:52.507Z,2024-10-19T15:37:22.450851Z,79,heartRate,test,R02_000D,AL
,,0,2024-10-19T15:06:40Z,2024-10-19T15:39:52.507Z,2024-10-19T15:37:22.798675Z,79,heartRate,test,R02_000D,AL
,,0,2024-10-19T15:06:40Z,2024-10-19T15:39:52.507Z,2024-10-19T15:37:23.236166Z,79,heartRate,test,R02_000D,AL
,,0,2024-10-19T15:06:40Z,2024-10-19T15:39:52.507Z,2024-10-19T15:37:58.685331Z,133,heartRate,test,R02_000D,AL
,,0,2024-10-19T15:06:40Z,2024-10-19T15:39:52.507Z,2024-10-19T15:37:59.203142Z,133,heartRate,test,R02_000D,AL
,,0,2024-10-19T15:06:40Z,2024-10-19T15:39:52.507Z,2024-10-19T15:37:59.990137Z,133,heartRate,test,R02_000D,AL
,,0,2024-10-19T15:06:40Z,2024-10-19T15:39:52.507Z,2024-10-19T15:38:00.340211Z,134,heartRate,test,R02_000D,AL
,,0,2024-10-19T15:06:40Z,2024-10-19T15:39:52.507Z,2024-10-19T15:38:00.864635Z,135,heartRate,test,R02_000D,AL
,,0,2024-10-19T15:06:40Z,2024-10-19T15:39:52.507Z,2024-10-19T15:38:01.214248Z,135,heartRate,test,R02_000D,AL
,,0,2024-10-19T15:06:40Z,2024-10-19T15:39:52.507Z,2024-10-19T15:38:01.652193Z,137,heartRate,test,R02_000D,AL
,,0,2024-10-19T15:06:40Z,2024-10-19T15:39:52.507Z,2024-10-19T15:38:02.176928Z,137,heartRate,test,R02_000D,AL
,,0,2024-10-19T15:06:40Z,2024-10-19T15:39:52.507Z,2024-10-19T15:38:02.700451Z,137,heartRate,test,R02_000D,AL
,,0,2024-10-19T15:06:40Z,2024-10-19T15:39:52.507Z,2024-10-19T15:38:03.227387Z,137,heartRate,test,R02_000D,AL
,,0,2024-10-19T15:06:40Z,2024-10-19T15:39:52.507Z,2024-10-19T15:38:38.761896Z,72,heartRate,test,R02_000D,AL
,,0,2024-10-19T15:06:40Z,2024-10-19T15:39:52.507Z,2024-10-19T15:38:39.189725Z,72,heartRate,test,R02_000D,AL
,,0,2024-10-19T15:06:40Z,2024-10-19T15:39:52.507Z,2024-10-19T15:38:39.540959Z,72,heartRate,test,R02_000D,AL
,,0,2024-10-19T15:06:40Z,2024-10-19T15:39:52.507Z,2024-10-19T15:38:40.068165Z,72,heartRate,test,R02_000D,AL
,,0,2024-10-19T15:06:40Z,2024-10-19T15:39:52.507Z,2024-10-19T15:38:40.589983Z,73,heartRate,test,R02_000D,AL
,,0,2024-10-19T15:06:40Z,2024-10-19T15:39:52.507Z,2024-10-19T15:38:41.291457Z,73,heartRate,test,R02_000D,AL
,,0,2024-10-19T15:06:40Z,2024-10-19T15:39:52.507Z,2024-10-19T15:38:41.640399Z,74,heartRate,test,R02_000D,AL
,,0,2024-10-19T15:06:40Z,2024-10-19T15:39:52.507Z,2024-10-19T15:38:42.076688Z,74,heartRate,test,R02_000D,AL
,,0,2024-10-19T15:06:40Z,2024-10-19T15:39:52.507Z,2024-10-19T15:38:42.602897Z,74,heartRate,test,R02_000D,AL
,,0,2024-10-19T15:06:40Z,2024-10-19T15:39:52.507Z,2024-10-19T15:38:43.135831Z,76,heartRate,test,R02_000D,AL
